{"goldPrice":4037,"goldChangePct":-2.71,"goldSparkline":[4080.699951171875,4077,4077.300048828125,4077.60009765625,4076.199951171875,4073.800048828125,4074.39990234375,4075.5,4077.10009765625,4075.300048828125,4073.699951171875,4073.89990234375,4073.300048828125,4073.800048828125,4075.39990234375,4075.300048828125,4074.60009765625,4073.10009765625,4072.5,4072.199951171875,4073.800048828125,4076.10009765625,4077.89990234375,4076.60009765625,4077.699951171875,4079.10009765625,4079.800048828125,4082.60009765625,4081.5,4080.39990234375,4080.800048828125,4081.5,4081.39990234375,4081.699951171875,4081.60009765625,4079.60009765625,4081.800048828125,4082.300048828125,4082.199951171875,4081.39990234375,4082.800048828125,4081.199951171875,4082,4081.60009765625,4080.800048828125,4080.800048828125,4081.39990234375,4082.300048828125,4079.300048828125,4080.39990234375,4079.699951171875,4079.300048828125,4079.699951171875,4079.199951171875,4080.199951171875,4079.39990234375,4081.800048828125,4083,4081.60009765625,4080.60009765625,4080.800048828125,4081.699951171875,4079.199951171875,4078.60009765625,4078.300048828125,4078.89990234375,4078.800048828125,4079.39990234375,4081.5,4086,4083,4084.10009765625,4083.5,4083.300048828125,4084.39990234375,4084.699951171875,4083.800048828125,4083.39990234375,4083.5,4082.60009765625,4083.60009765625,4087.699951171875,4089,4086.60009765625,4087.39990234375,4087.699951171875,4088.39990234375,4089.300048828125,4091.39990234375,4090.10009765625,4094.10009765625,4094.60009765625,4099.39990234375,4102.7001953125,4099.2998046875,4097.60009765625,4097.7001953125,4094.699951171875,4093.60009765625,4094.60009765625,4091.800048828125,4090.39990234375,4090.699951171875,4092.39990234375,4094.800048828125,4095.10009765625,4095,4094.39990234375,4092.800048828125,4091.89990234375,4091.199951171875,4091.699951171875,4090.10009765625,4090.39990234375,4089.199951171875,4091.10009765625,4091.800048828125,4091.60009765625,4091.800048828125,4093.10009765625,4095.800048828125,4096.89990234375,4095.60009765625,4095.800048828125,4094.89990234375,4096.2998046875,4102,4106.7998046875,4106.60009765625,4107.89990234375,4111.7998046875,4112.2001953125,4113.2998046875,4112.5,4113.5,4110.89990234375,4107.7998046875,4106.10009765625,4103.60009765625,4104.39990234375,4103.5,4103.2998046875,4105.5,4105.5,4105.89990234375,4106.60009765625,4106.2998046875,4106.10009765625,4101.89990234375,4104.7001953125,4102.2001953125,4103.2001953125,4103.5,4103.39990234375,4105.39990234375,4107.60009765625,4106,4106.89990234375,4105.39990234375,4106.39990234375,4108.60009765625,4110.2998046875,4108.5,4109.7001953125,4109.10009765625,4109.10009765625,4111.2001953125,4110,4107.60009765625,4106.60009765625,4102.10009765625,4105.5,4107.89990234375,4108.39990234375,4107.10009765625,4107.10009765625,4106.7001953125,4103.89990234375,4101.60009765625,4103.89990234375,4104.7001953125,4106.39990234375,4102.60009765625,4104.5,4106.10009765625,4104.7998046875,4106.5,4105.39990234375,4106.60009765625,4105.2001953125,4104.89990234375,4105.2001953125,4105,4104.2998046875,4103.10009765625,4103.89990234375,4101.5,4103.10009765625,4104.2998046875,4102.89990234375,4102.5,4103,4103.5,4100.89990234375,4102,4102,4102.7998046875,4101.7998046875,4100.60009765625,4101.2998046875,4101.2998046875,4098.7001953125,4099.2998046875,4097.89990234375,4098,4095.5,4094.199951171875,4094,4095,4095.89990234375,4095.60009765625,4095.699951171875,4098.2998046875,4098.89990234375,4099.7001953125,4099,4099.60009765625,4100.5,4102.2001953125,4102.10009765625,4100.2998046875,4098.60009765625,4096,4093.5,4095.89990234375,4095.60009765625,4092.60009765625,4092.199951171875,4092.5,4091.5,4094.10009765625,4093.800048828125,4093.5,4093.10009765625,4093.89990234375,4093.5,4093.199951171875,4093.300048828125,4093.800048828125,4092.699951171875,4093.10009765625,4092.89990234375,4091.10009765625,4091.89990234375,4091,4092,4091.5,4092.5,4092.10009765625,4090.300048828125,4091.5,4092.60009765625,4093.10009765625,4092,4094,4097.10009765625,4096.5,4095.5,4096.39990234375,4097.7001953125,4100.60009765625,4104.2998046875,4103.7001953125,4102,4101.2998046875,4101,4097.7998046875,4097.60009765625,4097.5,4099.5,4100.60009765625,4099.7998046875,4099.10009765625,4099.60009765625,4100,4097.7001953125,4096.60009765625,4094.60009765625,4095.89990234375,4095.800048828125,4096.89990234375,4096.10009765625,4096.39990234375,4095.5,4093.60009765625,4094,4094.10009765625,4094.300048828125,4093.60009765625,4093.300048828125,4094.89990234375,4094.10009765625,4091.5,4092.300048828125,4091.300048828125,4091.39990234375,4090.800048828125,4089.60009765625,4089.199951171875,4086.89990234375,4087.699951171875,4088.300048828125,4092.89990234375,4093.199951171875,4093.300048828125,4093.300048828125,4093.800048828125,4093.300048828125,4094.800048828125,4095,4093.5,4091.5,4091.89990234375,4091.300048828125,4091.300048828125,4090.39990234375,4089,4088.800048828125,4089,4086.39990234375,4087.199951171875,4087.10009765625,4087.199951171875,4087.800048828125,4087.5,4087.199951171875,4086.199951171875,4086.60009765625,4085.300048828125,4085.60009765625,4083.699951171875,4084.300048828125,4082.89990234375,4083.39990234375,4085.699951171875,4085.60009765625,4084.199951171875,4084.5,4085,4086.39990234375,4086.10009765625,4087.10009765625,4087.60009765625,4087.39990234375,4085.89990234375,4085.39990234375,4084.300048828125,4082.699951171875,4082.5,4081.800048828125,4080.300048828125,4078.199951171875,4077.39990234375,4079.800048828125,4079.199951171875,4079.300048828125,4078.89990234375,4078,4078.300048828125,4077.300048828125,4078.5,4078.89990234375,4079.300048828125,4078.699951171875,4078.199951171875,4076.5,4073.5,4073.800048828125,4077.10009765625,4076,4076,4076.300048828125,4075.5,4073.699951171875,4074.699951171875,4075.5,4076.300048828125,4075.10009765625,4075.10009765625,4077.10009765625,4079,4079.60009765625,4079.39990234375,4079.5,4078.5,4078.10009765625,4076.39990234375,4075.699951171875,4074,4075,4078.10009765625,4080.39990234375,4081,4083.39990234375,4081.699951171875,4082.5,4081.199951171875,4079,4080.199951171875,4080,4079.5,4076.60009765625,4077.60009765625,4074.300048828125,4075.10009765625,4072.89990234375,4073.10009765625,4074.10009765625,4071.89990234375,4072.300048828125,4073.10009765625,4074.5,4073.39990234375,4072.10009765625,4069,4068.300048828125,4068.10009765625,4069,4069.199951171875,4066,4066.89990234375,4069.39990234375,4068.60009765625,4064.39990234375,4062.699951171875,4057.60009765625,4056.300048828125,4057.199951171875,4056.800048828125,4058.300048828125,4058.39990234375,4060.300048828125,4059.300048828125,4058.699951171875,4063.10009765625,4057.5,4056.199951171875,4061,4061.89990234375,4060.60009765625,4062.699951171875,4064.5,4063.10009765625,4063.300048828125,4060.5,4062.199951171875,4061.699951171875,4064.60009765625,4067.5,4066.39990234375,4064.39990234375,4063.800048828125,4065.800048828125,4064.60009765625,4062.39990234375,4060,4059.800048828125,4057.39990234375,4058.800048828125,4061.5,4064,4066.199951171875,4071.199951171875,4070.60009765625,4070.89990234375,4067.800048828125,4067.199951171875,4065.800048828125,4064.60009765625,4063.199951171875,4062.699951171875,4063.5,4063.39990234375,4062.89990234375,4060.800048828125,4059.39990234375,4056.199951171875,4053.39990234375,4054.5,4057.199951171875,4056,4058.60009765625,4056.60009765625,4055.39990234375,4054.300048828125,4053,4052.10009765625,4055.5,4056.60009765625,4057.5,4053,4054.10009765625,4053.10009765625,4052.5,4049,4025.39990234375,4032,4032.800048828125,4037,4031.800048828125,4028.300048828125,4028.300048828125,4032.10009765625,4035,4035,4028.60009765625,4028.60009765625,4027.89990234375,4027,4027.89990234375,4027.800048828125,4023.60009765625,4024.89990234375,4028.60009765625,4029.5,4029.39990234375,4028.10009765625,4025.89990234375,4027,4020.199951171875,4018.10009765625,4016,4018.10009765625,4023.199951171875,4020,4016.199951171875,4012.199951171875,4014.39990234375,